<?xml version="1.0" encoding="UTF-8"?>
<project-private xmlns="http://www.netbeans.org/ns/project-private/1">
    <editor-bookmarks xmlns="http://www.netbeans.org/ns/editor-bookmarks/2" lastBookmarkId="0"/>
    <open-files xmlns="http://www.netbeans.org/ns/projectui-open-files/2">
        <group>
            <file>file:/Users/jeswinjohn/Downloads/GroupAssignment_5-master/src/patient_view/PatientFrame.java</file>
            <file>file:/Users/jeswinjohn/Downloads/GroupAssignment_5-master/src/patient_view/FirstScreen.java</file>
            <file>file:/Users/jeswinjohn/Downloads/GroupAssignment_5-master/src/Model/PatientDirectory.java</file>
            <file>file:/Users/jeswinjohn/Downloads/GroupAssignment_5-master/src/Model/Patient.java</file>
        </group>
    </open-files>
</project-private>
